History and Forecast Report,Unnamed: 1,Unnamed: 2,Unnamed: 3,Unnamed: 4,Unnamed: 5,Unnamed: 6,Unnamed: 7,Unnamed: 8,Unnamed: 9,Unnamed: 10,Unnamed: 11,Unnamed: 12,Unnamed: 13,Unnamed: 14,Unnamed: 15,Unnamed: 16,Unnamed: 17,Unnamed: 18,Unnamed: 19,Unnamed: 20,Unnamed: 21,Unnamed: 22,Unnamed: 23,Unnamed: 24,Unnamed: 25
The Claridges,,,,,,,,,,,,,,,,,,,,,,,,,
Date From: 2024-12-31; Date To: 2026-01-01,,,,,,,,,,,,,,,,,,,,,,,,,
Date,Day,Rooms Sold,Rooms for Sale,Arrival Rooms,Compliment Rooms,House Use,Hold,Individual Confirm,Individual Tentative,Group Confirm,Group Tentative,Occupancy %,Room Revenue,ARR,Inclusion Revenue,Departure Rooms,OOO Rooms,Pax,Individual Revenue,Individual ARR,Confirmed Group Revenue,Confirmed Group ARR,Tentative Group Revenue,Tentative Group ARR,Total Room Inventory
2024-12-31 00:00:00,Tuesday,69,36,41,2,7,0,72,0,6,0,60.53,1031233.06,14945.41,0,27,16,139,971233.06,13489.35,60000,10000,0,0,114
,Total (History),69,36,41,2,7,0,72,0,6,0,60.53,1031233.06,14945.41,0,27,16,139,971233.06,13489.35,60000,10000,0,0,114
,,,,,,,,,,,,,,,,,,,,,,,,,
2025-01-01 00:00:00,Wednesday,61,51,41,0,0,0,25,29,1,6,54.46,875551.53,14353.3,0,47,18,131,766941.35,14202.62,108610.18,108610.18,0,0,112
2025-01-02 00:00:00,Thursday,81,29,35,1,0,0,23,50,0,9,72.97,1203392.02,14856.69,0,14,19,171,1055281.84,14455.92,148110.18,0,0,0,111
2025-01-03 00:00:00,Friday,87,25,33,1,0,0,20,57,0,11,76.99,1252377.64,14395.15,0,27,17,176,1086877.64,14115.29,165500,0,0,0,113
2025-01-04 00:00:00,Saturday,74,38,22,1,0,0,15,44,0,16,65.49,1069180.85,14448.39,0,35,17,154,823180.85,13952.22,246000,0,0,0,113
2025-01-05 00:00:00,Sunday,79,34,32,1,0,0,18,45,0,17,69.3,1217857.64,15415.92,0,27,16,163,937857.64,14886.63,280000,0,0,0,114
2025-01-06 00:00:00,Monday,94,23,39,0,0,0,20,58,0,16,80.34,1473215.42,15672.5,0,25,13,188,1207715.42,15483.53,265500,0,0,0,117
2025-01-07 00:00:00,Tuesday,90,27,30,0,0,0,20,53,5,12,76.92,1361240.58,15124.9,0,34,13,177,1090240.58,14934.8,271000,54200,0,0,117
2025-01-08 00:00:00,Wednesday,65,54,19,0,0,0,13,47,0,5,54.62,986656.62,15179.33,0,44,11,123,914156.62,15235.94,72500,0,0,0,119
2025-01-09 00:00:00,Thursday,69,50,28,0,0,0,13,44,1,11,57.98,1161096.75,16827.49,0,24,11,132,881596.75,15466.61,279500,279500,0,0,119
2025-01-10 00:00:00,Friday,79,40,23,0,0,0,13,47,0,19,66.39,1300474.65,16461.7,0,13,11,142,916474.65,15274.58,384000,0,0,0,119
2025-01-11 00:00:00,Saturday,79,40,36,0,0,0,11,49,0,19,66.39,1268598.05,16058.2,0,36,11,141,924098.05,15401.63,344500,0,0,0,119
2025-01-12 00:00:00,Sunday,97,22,55,0,0,0,12,55,6,24,81.51,1393875.36,14369.85,0,37,11,157,997875.36,14893.66,396000,66000,0,0,119
2025-01-13 00:00:00,Monday,100,19,28,0,0,0,16,58,8,18,84.03,1448690.06,14486.9,0,25,11,158,1124690.06,15198.51,324000,40500,0,0,119
2025-01-14 00:00:00,Tuesday,90,28,29,1,0,0,25,52,1,13,75.63,1308242.81,14536.03,0,38,11,153,1160742.81,15074.58,147500,147500,0,0,119
2025-01-15 00:00:00,Wednesday,89,31,41,1,0,0,24,55,0,11,73.55,1275342.09,14329.69,0,42,9,144,1119842.09,14175.22,155500,0,0,0,121
2025-01-16 00:00:00,Thursday,93,28,35,0,0,0,25,67,0,1,76.86,1371088.68,14742.89,0,32,9,152,1355588.68,14734.66,15500,0,0,0,121
2025-01-17 00:00:00,Friday,112,9,50,0,0,0,20,58,0,34,92.56,1649784.14,14730.22,0,31,9,171,1075284.14,13785.69,574500,0,0,0,121
2025-01-18 00:00:00,Saturday,108,13,26,0,0,0,23,59,0,26,89.26,1559125.46,14436.35,0,30,9,166,1112125.46,13562.51,447000,0,0,0,121
2025-01-19 00:00:00,Sunday,109,12,40,0,0,0,18,70,0,21,90.08,1396584.71,12812.7,0,39,9,167,1192584.71,13552.1,204000,0,0,0,121
2025-01-20 00:00:00,Monday,102,19,40,0,0,0,13,67,0,22,84.3,1402200.95,13747.07,0,47,9,170,1198200.95,14977.51,204000,0,0,0,121
2025-01-21 00:00:00,Tuesday,107,14,39,0,0,0,17,61,6,23,88.43,1391456.22,13004.26,0,34,9,178,1165956.22,14948.16,225500,37583.33,0,0,121
2025-01-22 00:00:00,Wednesday,103,18,28,0,0,0,18,46,6,33,85.12,1341873.68,13027.9,0,32,9,168,999373.68,15615.21,342500,57083.33,0,0,121
2025-01-23 00:00:00,Thursday,85,36,30,0,0,0,12,42,3,28,70.25,1112583.46,13089.22,0,48,9,134,824083.46,15260.8,288500,96166.67,0,0,121
2025-01-24 00:00:00,Friday,98,23,21,0,0,0,11,33,25,29,80.99,951850.02,9712.76,0,32,9,115,634350.02,14417.05,317500,12700,0,0,121
2025-01-25 00:00:00,Saturday,90,31,20,0,0,0,12,37,24,17,74.38,924844.52,10276.05,0,28,9,112,740844.52,15119.28,184000,7666.67,0,0,121
2025-01-26 00:00:00,Sunday,98,23,25,0,0,0,10,52,24,12,80.99,1030916.86,10519.56,0,17,9,128,926916.86,14950.27,104000,4333.33,0,0,121
2025-01-27 00:00:00,Monday,104,17,33,0,0,0,15,64,24,1,85.95,1202758.9,11564.99,0,27,9,139,1202758.9,15224.8,0,0,0,0,121
2025-01-28 00:00:00,Tuesday,108,13,28,0,0,0,16,66,24,2,89.26,1311933.9,12147.54,0,24,9,143,1294433.9,15785.78,17500,729.17,0,0,121
2025-01-29 00:00:00,Wednesday,93,28,47,0,0,0,9,52,0,32,76.86,1508538.46,16220.84,0,38,9,148,976241.86,16003.96,532296.6,0,0,0,121
2025-01-30 00:00:00,Thursday,103,18,42,0,0,0,13,62,1,27,85.12,1553645.96,15083.94,0,33,9,154,1163349.36,15511.32,390296.6,390296.6,0,0,121
2025-01-31 00:00:00,Friday,109,12,47,0,0,0,6,29,7,67,90.08,1525512.78,13995.53,0,47,9,163,521656.86,14904.48,1003855.92,143407.99,0,0,121
2025-02-01 00:00:00,Saturday,99,22,43,0,0,0,8,30,0,61,81.82,1344128.87,13577.06,0,46,9,159,464628.87,12227.08,879500,0,0,0,121
2025-02-02 00:00:00,Sunday,115,6,45,0,0,0,8,29,13,65,95.04,1559496.37,13560.84,0,42,9,156,474496.37,12824.23,1085000,83461.54,0,0,121
2025-02-03 00:00:00,Monday,99,22,35,0,0,0,8,44,13,34,81.82,1366496.37,13802.99,0,51,9,138,637996.37,12269.16,728500,56038.46,0,0,121
2025-02-04 00:00:00,Tuesday,118,3,34,0,0,0,5,41,28,44,97.52,1516711.37,12853.49,0,30,9,135,562211.37,12221.99,954500,34089.29,0,0,121
2025-02-05 00:00:00,Wednesday,110,11,36,0,0,0,12,48,27,23,90.91,1282127.09,11655.7,0,43,9,131,842127.09,14035.45,440000,16296.3,0,0,121
2025-02-06 00:00:00,Thursday,121,0,30,0,0,0,9,62,28,22,100,1469299.09,12142.97,0,20,9,148,1029299.09,14497.17,440000,15714.29,0,0,121
2025-02-07 00:00:00,Friday,88,33,20,0,0,0,6,60,18,4,72.73,949876.37,10794.05,0,43,9,113,930876.37,14104.19,19000,1055.56,0,0,121
2025-02-08 00:00:00,Saturday,95,26,37,0,0,0,6,52,20,17,78.51,1019417.47,10730.71,0,32,9,120,797917.47,13757.2,221500,11075,0,0,121
2025-02-09 00:00:00,Sunday,111,10,40,0,0,0,6,65,27,13,91.74,1403724.87,12646.17,0,31,9,137,1041724.87,14672.18,362000,13407.41,0,0,121
2025-02-10 00:00:00,Monday,119,2,26,0,0,0,6,56,38,19,98.35,1532991.37,12882.28,0,29,9,133,858991.37,13854.7,674000,17736.84,0,0,121
2025-02-11 00:00:00,Tuesday,120,1,38,0,0,0,7,59,24,30,99.17,1576385.54,13136.55,0,23,9,167,934224.41,14154.92,642161.13,26756.71,0,0,121
2025-02-12 00:00:00,Wednesday,120,1,52,0,0,0,11,53,19,37,99.17,1553673.54,12947.28,0,47,9,169,928512.41,14508.01,625161.13,32903.22,0,0,121
2025-02-13 00:00:00,Thursday,110,11,39,0,0,0,10,72,12,16,90.91,1396846.37,12698.6,0,42,9,167,1248346.37,15223.74,148500,12375,0,0,121
2025-02-14 00:00:00,Friday,95,26,42,0,0,0,13,69,0,13,78.51,1438123.37,15138.14,0,45,9,166,1221623.37,14897.85,216500,0,0,0,121
2025-02-15 00:00:00,Saturday,110,11,66,0,0,0,8,49,7,46,90.91,933446.28,8485.88,0,58,9,186,735946.28,12911.34,197500,28214.29,0,0,121
2025-02-16 00:00:00,Sunday,113,8,27,0,0,0,7,54,7,45,93.39,968178.28,8567.95,0,24,9,192,816178.28,13379.97,152000,21714.29,0,0,121
2025-02-17 00:00:00,Monday,103,18,25,0,0,0,9,33,7,54,85.12,894219.37,8681.74,0,35,9,164,597719.37,14231.41,296500,42357.14,0,0,121
2025-02-18 00:00:00,Tuesday,82,39,35,0,0,0,12,50,10,10,67.77,1112269.37,13564.26,0,59,9,112,770269.37,12423.7,342000,34200,0,0,121
2025-02-19 00:00:00,Wednesday,89,32,33,0,0,0,15,64,8,2,73.55,1245184.13,13990.83,0,24,9,132,1091684.13,13818.79,153500,19187.5,0,0,121
2025-02-20 00:00:00,Thursday,92,29,29,0,0,0,8,68,14,2,76.03,1207593.61,13126.02,0,32,9,129,1047093.61,13777.55,160500,11464.29,0,0,121
2025-02-21 00:00:00,Friday,105,16,29,0,0,0,14,57,27,7,86.78,1428890.68,13608.48,0,29,9,125,961890.68,13547.76,467000,17296.3,0,0,121
2025-02-22 00:00:00,Saturday,102,19,39,0,0,0,10,70,19,3,84.3,1342461.37,13161.39,0,34,9,139,1086961.37,13587.02,255500,13447.37,0,0,121
2025-02-23 00:00:00,Sunday,88,33,25,0,0,0,11,63,11,3,72.73,1040675.37,11825.86,0,31,9,132,968175.37,13083.45,72500,6590.91,0,0,121
2025-02-24 00:00:00,Monday,94,27,29,0,0,0,10,69,11,4,77.69,1122890.93,11945.65,0,23,9,136,1034390.93,13093.56,88500,8045.45,0,0,121
2025-02-25 00:00:00,Tuesday,79,42,23,0,0,0,10,59,8,2,65.29,973948.42,12328.46,0,35,9,118,957948.42,13883.31,16000,2000,0,0,121
2025-02-26 00:00:00,Wednesday,104,17,32,0,0,0,10,53,30,11,85.95,1016900.71,9777.89,0,29,9,120,872900.71,13855.57,144000,4800,0,0,121
2025-02-27 00:00:00,Thursday,111,10,44,0,0,0,10,58,30,13,91.74,1154634.69,10402.11,0,37,9,147,985634.69,14494.63,169000,5633.33,0,0,121
2025-02-28 00:00:00,Friday,114,7,29,0,0,0,10,59,34,11,94.21,1196041.45,10491.59,0,30,9,138,994041.45,14406.4,202000,5941.18,0,0,121
2025-03-01 00:00:00,Saturday,112,9,40,0,0,0,9,50,32,21,92.56,1386213.91,12376.91,0,40,9,138,803713.91,13622.27,582500,18203.13,0,0,121
2025-03-02 00:00:00,Sunday,123,-2,20,0,0,0,3,43,63,14,101.65,1099277.46,8937.22,0,40,9,100,594777.46,12929.94,504500,8007.94,0,0,121
2025-03-03 00:00:00,Monday,132,-11,28,0,0,0,3,51,69,9,109.09,1392777.46,10551.34,0,25,9,106,739777.46,13699.58,653000,9463.77,0,0,121
2025-03-04 00:00:00,Tuesday,119,2,18,0,0,0,3,56,53,7,98.35,1086463.9,9129.95,0,15,9,115,812963.9,13779.05,273500,5160.38,0,0,121
2025-03-05 00:00:00,Wednesday,117,4,34,0,0,0,4,61,46,6,96.69,1250463.9,10687.73,0,29,9,123,933963.9,14368.68,316500,6880.43,0,0,121
2025-03-06 00:00:00,Thursday,111,10,32,0,0,0,8,48,40,15,91.74,1326866.9,11953.76,0,32,9,121,743866.9,13283.34,583000,14575,0,0,121
2025-03-07 00:00:00,Friday,121,0,34,0,0,0,7,55,43,16,100,1443423.9,11929.12,0,20,9,149,843923.9,13611.68,599500,13941.86,0,0,121
2025-03-08 00:00:00,Saturday,123,-2,25,0,0,0,7,46,63,7,101.65,1403703.9,11412.23,0,50,9,103,737203.9,13909.51,666500,10579.36,0,0,121
2025-03-09 00:00:00,Sunday,75,46,38,0,0,0,4,45,3,23,61.98,861803.9,11490.72,0,26,9,119,605803.9,12363.34,256000,85333.33,0,0,121
2025-03-10 00:00:00,Monday,114,7,30,0,0,0,5,49,28,32,94.21,1420533.9,12460.82,0,16,9,140,679033.9,12574.7,741500,26482.14,0,0,121
2025-03-11 00:00:00,Tuesday,116,5,21,0,0,0,6,47,44,19,95.87,1578064.74,13604.01,0,35,9,117,738564.74,13935.18,839500,19079.55,0,0,121
2025-03-12 00:00:00,Wednesday,117,4,21,0,0,0,7,42,62,6,96.69,1387768.9,11861.27,0,38,9,96,710268.9,14495.28,677500,10927.42,0,0,121
2025-03-13 00:00:00,Thursday,73,48,24,0,0,0,9,43,18,3,60.33,1023276.7,14017.49,0,24,9,98,718776.7,13822.63,304500,16916.67,0,0,121
2025-03-14 00:00:00,Friday,120,1,27,0,0,0,6,49,58,7,99.17,1377369.6,11478.08,0,20,9,110,710869.6,12924.9,666500,11491.38,0,0,121
2025-03-15 00:00:00,Saturday,113,8,32,0,0,0,6,56,43,8,93.39,1333564.1,11801.45,0,24,9,121,816564.1,13170.39,517000,12023.26,0,0,121
2025-03-16 00:00:00,Sunday,100,21,15,0,0,0,4,42,46,8,82.64,1157207.89,11572.08,0,31,9,89,561707.89,12211.04,595500,12945.65,0,0,121
2025-03-17 00:00:00,Monday,106,15,30,0,0,0,7,39,43,17,87.6,1220093.13,11510.31,0,21,9,105,583093.13,12675.94,637000,14813.95,0,0,121
2025-03-18 00:00:00,Tuesday,100,21,26,0,0,0,8,42,32,18,82.64,1131824.06,11318.24,0,21,9,112,637324.06,12746.48,494500,15453.13,0,0,121
2025-03-19 00:00:00,Wednesday,78,43,25,0,0,0,9,47,12,10,64.46,1135034.5,14551.72,0,27,9,109,751034.5,13411.33,384000,32000,0,0,121
2025-03-20 00:00:00,Thursday,105,16,22,0,0,0,4,46,44,11,86.78,1154514.8,10995.38,0,27,9,103,608514.8,12170.3,546000,12409.09,0,0,121
2025-03-21 00:00:00,Friday,110,11,28,0,0,0,9,48,45,8,90.91,1205214.8,10956.5,0,24,9,111,739214.8,12968.68,466000,10355.56,0,0,121
2025-03-22 00:00:00,Saturday,97,24,23,0,0,0,8,54,31,4,80.17,1136530.3,11716.81,0,22,9,115,817530.3,13185.97,319000,10290.32,0,0,121
2025-03-23 00:00:00,Sunday,59,62,10,0,0,0,9,41,9,0,48.76,665343.52,11277.01,0,26,9,88,626343.52,12526.87,39000,4333.33,0,0,121
2025-03-24 00:00:00,Monday,77,44,21,0,0,0,9,38,27,3,63.64,974108.82,12650.76,0,21,9,88,575608.82,12247,398500,14759.26,0,0,121
2025-03-25 00:00:00,Tuesday,61,60,5,0,0,0,5,26,27,3,50.41,710286.96,11644.05,0,21,9,55,311786.96,10057.64,398500,14759.26,0,0,121
2025-03-26 00:00:00,Wednesday,44,77,7,0,0,0,4,20,18,2,36.36,509803.9,11586.45,0,15,9,37,245303.9,10221,264500,14694.44,0,0,121
2025-03-27 00:00:00,Thursday,38,83,9,0,0,0,4,24,9,1,31.4,407803.9,10731.68,0,6,9,45,263803.9,9421.57,144000,16000,0,0,121
2025-03-28 00:00:00,Friday,34,87,11,0,0,0,4,30,0,0,28.1,390514.74,11485.73,0,6,9,55,390514.74,11485.73,0,0,0,0,121
2025-03-29 00:00:00,Saturday,34,87,6,0,0,0,3,26,4,1,28.1,371963.9,10940.11,0,10,9,46,311963.9,10757.38,60000,15000,0,0,121
2025-03-30 00:00:00,Sunday,54,67,11,0,0,0,4,24,22,4,44.63,646063.9,11964.15,0,9,9,48,271063.9,9680.85,375000,17045.45,0,0,121
2025-03-31 00:00:00,Monday,47,74,9,0,0,0,4,29,12,2,38.84,537563.9,11437.53,0,6,9,57,321563.9,9744.36,216000,18000,0,0,121
2025-04-01 00:00:00,Tuesday,23,98,16,0,0,0,1,22,0,0,19.01,186239.99,8097.39,0,28,9,41,186239.99,8097.39,0,0,0,0,121
2025-04-02 00:00:00,Wednesday,21,100,8,0,0,0,1,20,0,0,17.36,203439.99,9687.62,0,10,9,38,203439.99,9687.62,0,0,0,0,121
2025-04-03 00:00:00,Thursday,43,78,15,0,0,0,1,22,14,6,35.54,269040,6256.74,0,7,9,49,218190,9486.52,50850,3632.14,0,0,121
2025-04-04 00:00:00,Friday,57,64,23,0,0,0,2,34,14,7,47.11,378290,6636.67,0,9,9,71,313940,8720.56,64350,4596.43,0,0,121
2025-04-05 00:00:00,Saturday,70,51,28,0,0,0,0,48,15,7,57.85,519720.34,7424.58,0,16,9,94,438220.34,9129.59,81500,5433.33,0,0,121
2025-04-06 00:00:00,Sunday,90,31,15,0,0,0,0,51,30,9,74.38,637284.34,7080.94,0,10,9,104,478284.34,9378.12,159000,5300,0,0,121
2025-04-07 00:00:00,Monday,71,50,12,0,0,0,0,35,27,9,58.68,488883.92,6885.69,0,28,9,77,333533.92,9529.54,155350,5753.7,0,0,121
2025-04-08 00:00:00,Tuesday,25,96,4,0,0,0,0,25,0,0,20.66,247584,9903.36,0,23,9,47,247584,9903.36,0,0,0,0,121
2025-04-09 00:00:00,Wednesday,25,96,7,0,0,0,1,24,0,0,20.66,229384,9175.36,0,7,9,45,229384,9175.36,0,0,0,0,121
2025-04-10 00:00:00,Thursday,34,87,12,0,0,0,1,25,7,1,28.1,234649.1,6901.44,0,10,9,50,234649.1,9024.97,0,0,0,0,121
2025-04-11 00:00:00,Friday,74,47,14,0,0,0,0,27,41,6,61.16,285749.1,3861.47,0,8,9,59,251749.1,9324.04,34000,829.27,0,0,121
2025-04-12 00:00:00,Saturday,79,42,7,0,0,0,0,26,46,7,65.29,291589,3691,0,7,9,57,257589,9907.27,34000,739.13,0,0,121
2025-04-13 00:00:00,Sunday,46,75,7,0,0,0,0,17,24,5,38.02,146200,3178.26,0,18,9,36,122200,7188.24,24000,1000,0,0,121
2025-04-14 00:00:00,Monday,30,91,7,0,0,0,0,18,11,1,24.79,127120,4237.33,0,10,9,34,127120,7062.22,0,0,0,0,121
2025-04-15 00:00:00,Tuesday,30,91,14,0,0,0,0,19,5,6,24.79,225520,7517.33,0,8,9,43,165520,8711.58,60000,12000,0,0,121
2025-04-16 00:00:00,Wednesday,35,86,9,0,0,0,0,20,14,1,28.93,219500,6271.43,0,13,9,35,205500,10275,14000,1000,0,0,121
2025-04-17 00:00:00,Thursday,65,56,13,0,0,0,1,19,42,3,53.72,244550,3762.31,0,10,9,40,230550,11527.5,14000,333.33,0,0,121
2025-04-18 00:00:00,Friday,110,11,5,0,0,0,1,14,92,3,90.91,162700,1479.09,0,9,9,34,148700,9913.33,14000,152.17,0,0,121
2025-04-19 00:00:00,Saturday,93,28,5,0,0,0,0,13,78,2,76.86,178425,1918.55,0,8,9,31,178425,13725,0,0,0,0,121
2025-04-20 00:00:00,Sunday,74,47,4,0,0,0,2,11,60,1,61.16,199625,2697.64,0,5,9,28,199625,15355.77,0,0,0,0,121
2025-04-21 00:00:00,Monday,34,87,2,0,0,0,2,11,20,1,28.1,150700,4432.35,0,2,9,28,150700,11592.31,0,0,0,0,121
2025-04-22 00:00:00,Tuesday,32,89,5,0,0,0,2,9,20,1,26.45,136960,4280,0,8,9,21,126960,11541.82,10000,500,0,0,121
2025-04-23 00:00:00,Wednesday,14,107,2,0,0,0,2,11,1,0,11.57,148810,10629.29,0,1,9,24,148810,11446.92,0,0,0,0,121
2025-04-24 00:00:00,Thursday,41,80,4,0,0,0,2,11,26,2,33.88,145710,3553.9,0,3,9,24,135710,10439.23,10000,384.62,0,0,121
2025-04-25 00:00:00,Friday,51,70,3,0,0,0,2,11,35,3,42.15,157860,3095.29,0,2,9,25,136860,10527.69,21000,600,0,0,121
2025-04-26 00:00:00,Saturday,22,99,3,0,0,0,0,12,9,1,18.18,96500,4386.36,0,6,9,23,85500,7125,11000,1222.22,0,0,121
2025-04-27 00:00:00,Sunday,11,110,2,0,0,0,0,11,0,0,9.09,86500,7863.64,0,4,9,20,86500,7863.64,0,0,0,0,121
2025-04-28 00:00:00,Monday,12,109,1,0,0,0,0,12,0,0,9.92,86500,7208.33,0,0,9,22,86500,7208.33,0,0,0,0,121
2025-04-29 00:00:00,Tuesday,14,107,6,0,0,0,0,9,0,5,11.57,115500,8250,0,4,9,26,55500,6166.67,60000,0,0,0,121
2025-04-30 00:00:00,Wednesday,11,111,1,0,0,0,0,10,0,1,9.02,78500,7136.36,0,4,8,20,66500,6650,12000,0,0,0,122
2025-05-01 00:00:00,Thursday,36,86,9,0,0,0,0,8,25,3,29.51,37548.39,1043.01,0,9,8,19,37548.39,4693.55,0,0,0,0,122
2025-05-02 00:00:00,Friday,37,85,3,0,0,0,0,9,26,2,30.33,70548.39,1906.71,0,3,8,20,60548.39,6727.6,10000,384.62,0,0,122
2025-05-03 00:00:00,Saturday,30,92,2,0,0,0,0,10,19,1,24.59,72048.39,2401.61,0,2,8,20,62048.39,6204.84,10000,526.32,0,0,122
2025-05-04 00:00:00,Sunday,21,101,6,0,0,0,0,11,9,1,17.21,84548.39,4026.11,0,5,8,23,84548.39,7686.22,0,0,0,0,122
2025-05-05 00:00:00,Monday,18,104,1,0,0,0,0,8,9,1,14.75,53198.39,2955.47,0,4,8,17,53198.39,6649.8,0,0,0,0,122
2025-05-06 00:00:00,Tuesday,6,116,0,0,0,0,0,6,0,0,4.92,27048.39,4508.07,0,3,8,12,27048.39,4508.06,0,0,0,0,122
2025-05-07 00:00:00,Wednesday,7,115,1,0,0,0,0,7,0,0,5.74,27048.39,3864.06,0,0,8,14,27048.39,3864.06,0,0,0,0,122
2025-05-08 00:00:00,Thursday,6,116,0,0,0,0,0,6,0,0,4.92,27048.39,4508.07,0,1,8,12,27048.39,4508.06,0,0,0,0,122
2025-05-09 00:00:00,Friday,15,107,1,0,0,0,0,5,9,1,12.3,13548.39,903.23,0,1,8,11,13548.39,2709.68,0,0,0,0,122
2025-05-10 00:00:00,Saturday,15,107,0,0,0,0,0,5,9,1,12.3,13548.39,903.23,0,0,8,11,13548.39,2709.68,0,0,0,0,122
2025-05-11 00:00:00,Sunday,5,117,0,0,0,0,0,5,0,0,4.1,13548.39,2709.68,0,1,8,10,13548.39,2709.68,0,0,0,0,122
2025-05-12 00:00:00,Monday,5,117,0,0,0,0,0,5,0,0,4.1,13548.39,2709.68,0,0,8,10,13548.39,2709.68,0,0,0,0,122
2025-05-13 00:00:00,Tuesday,22,100,2,0,0,0,0,5,15,2,18.03,23548.39,1070.38,0,0,8,14,13548.39,2709.68,10000,666.67,0,0,122
2025-05-14 00:00:00,Wednesday,5,117,0,0,0,0,0,5,0,0,4.1,13548.39,2709.68,0,2,8,10,13548.39,2709.68,0,0,0,0,122
2025-05-15 00:00:00,Thursday,36,86,3,0,0,0,0,6,28,2,29.51,23548.39,654.12,0,0,8,14,13548.39,2258.07,10000,357.14,0,0,122
2025-05-16 00:00:00,Friday,28,94,2,0,0,0,0,8,19,1,22.95,23548.39,841.01,0,1,8,17,13548.39,1693.55,10000,526.32,0,0,122
2025-05-17 00:00:00,Saturday,7,115,0,0,0,0,0,7,0,0,5.74,13548.39,1935.48,0,2,8,14,13548.39,1935.48,0,0,0,0,122
2025-05-18 00:00:00,Sunday,15,107,1,0,0,0,0,5,9,1,12.3,13548.39,903.23,0,2,8,11,13548.39,2709.68,0,0,0,0,122
2025-05-19 00:00:00,Monday,15,107,0,0,0,0,0,5,9,1,12.3,13548.39,903.23,0,0,8,11,13548.39,2709.68,0,0,0,0,122
2025-05-20 00:00:00,Tuesday,6,116,1,0,0,0,0,6,0,0,4.92,13548.39,2258.07,0,1,8,12,13548.39,2258.07,0,0,0,0,122
2025-05-21 00:00:00,Wednesday,5,117,0,0,0,0,0,5,0,0,4.1,13548.39,2709.68,0,1,8,10,13548.39,2709.68,0,0,0,0,122
2025-05-22 00:00:00,Thursday,15,107,1,0,0,0,0,5,9,1,12.3,13548.39,903.23,0,0,8,11,13548.39,2709.68,0,0,0,0,122
2025-05-23 00:00:00,Friday,15,107,1,0,0,0,0,5,9,1,12.3,13548.39,903.23,0,1,8,11,13548.39,2709.68,0,0,0,0,122
2025-05-24 00:00:00,Saturday,16,106,1,0,0,0,0,6,9,1,13.11,13548.39,846.77,0,0,8,12,13548.39,2258.07,0,0,0,0,122
2025-05-25 00:00:00,Sunday,6,116,0,0,0,0,0,6,0,0,4.92,13548.39,2258.07,0,1,8,11,13548.39,2258.07,0,0,0,0,122
2025-05-26 00:00:00,Monday,6,116,1,0,0,0,0,6,0,0,4.92,13548.39,2258.07,0,1,8,11,13548.39,2258.07,0,0,0,0,122
2025-05-27 00:00:00,Tuesday,6,116,1,0,0,0,0,6,0,0,4.92,25048.39,4174.73,0,1,8,12,25048.39,4174.73,0,0,0,0,122
2025-05-28 00:00:00,Wednesday,7,115,1,0,0,0,0,7,0,0,5.74,25048.39,3578.34,0,0,8,13,25048.39,3578.34,0,0,0,0,122
2025-05-29 00:00:00,Thursday,16,106,1,0,0,0,0,6,9,1,13.11,13548.39,846.77,0,1,8,12,13548.39,2258.07,0,0,0,0,122
2025-05-30 00:00:00,Friday,22,100,1,0,0,0,0,2,19,1,18.03,23548.39,1070.38,0,5,8,9,13548.39,6774.19,10000,526.32,0,0,122
2025-05-31 00:00:00,Saturday,21,101,0,0,0,0,0,1,19,1,17.21,23548.39,1121.35,0,1,8,8,13548.39,13548.39,10000,526.32,0,0,122
2025-06-01 00:00:00,Sunday,1,121,1,0,0,0,1,0,0,0,0.82,21000,21000,0,2,8,6,21000,21000,0,0,0,0,122
2025-06-02 00:00:00,Monday,1,121,0,0,0,0,1,0,0,0,0.82,21000,21000,0,0,8,6,21000,21000,0,0,0,0,122
2025-06-03 00:00:00,Tuesday,1,121,1,0,0,0,0,1,0,0,0.82,11000,11000,0,1,8,7,11000,11000,0,0,0,0,122
2025-06-04 00:00:00,Wednesday,2,120,1,0,0,0,0,2,0,0,1.64,24500,12250,0,0,8,8,24500,12250,0,0,0,0,122
2025-06-05 00:00:00,Thursday,10,112,1,0,0,0,0,0,9,1,8.2,0,0,0,2,8,6,0,0,0,0,0,0,122
2025-06-06 00:00:00,Friday,10,112,1,0,0,0,0,0,9,1,8.2,0,0,0,1,8,6,0,0,0,0,0,0,122
2025-06-07 00:00:00,Saturday,10,112,0,0,0,0,0,0,9,1,8.2,0,0,0,0,8,6,0,0,0,0,0,0,122
2025-06-08 00:00:00,Sunday,11,111,2,0,0,0,0,1,9,1,9.02,10500,954.55,0,1,8,8,10500,10500,0,0,0,0,122
2025-06-09 00:00:00,Monday,10,112,0,0,0,0,0,0,9,1,8.2,0,0,0,1,8,6,0,0,0,0,0,0,122
2025-06-10 00:00:00,Tuesday,20,102,1,0,0,0,0,0,19,1,16.39,10000,500,0,1,8,6,0,0,10000,526.32,0,0,122
2025-06-11 00:00:00,Wednesday,0,122,0,0,0,0,0,0,0,0,0,0,0,0,1,8,5,0,0,0,0,0,0,122
2025-06-12 00:00:00,Thursday,28,94,2,0,0,0,0,0,26,2,22.95,118000,4214.29,0,0,8,8,0,0,118000,4538.46,0,0,122
2025-06-13 00:00:00,Friday,28,94,0,0,0,0,0,0,26,2,22.95,118000,4214.29,0,0,8,8,0,0,118000,4538.46,0,0,122
2025-06-14 00:00:00,Saturday,0,122,0,0,0,0,0,0,0,0,0,0,0,0,2,8,5,0,0,0,0,0,0,122
2025-06-15 00:00:00,Sunday,0,122,0,0,0,0,0,0,0,0,0,0,0,0,0,8,5,0,0,0,0,0,0,122
2025-06-16 00:00:00,Monday,0,122,0,0,0,0,0,0,0,0,0,0,0,0,0,8,5,0,0,0,0,0,0,122
2025-06-17 00:00:00,Tuesday,6,116,2,0,0,0,0,1,4,1,4.92,0,0,0,0,8,9,0,0,0,0,0,0,122
2025-06-18 00:00:00,Wednesday,6,116,0,0,0,0,0,1,4,1,4.92,0,0,0,0,8,9,0,0,0,0,0,0,122
2025-06-19 00:00:00,Thursday,30,92,2,0,0,0,0,0,28,2,24.59,0,0,0,2,8,7,0,0,0,0,0,0,122
2025-06-20 00:00:00,Friday,10,112,1,0,0,0,0,0,9,1,8.2,0,0,0,2,8,6,0,0,0,0,0,0,122
2025-06-21 00:00:00,Saturday,10,112,0,0,0,0,0,0,9,1,8.2,0,0,0,0,8,6,0,0,0,0,0,0,122
2025-06-22 00:00:00,Sunday,10,112,1,0,0,0,0,0,9,1,8.2,0,0,0,1,8,6,0,0,0,0,0,0,122
2025-06-23 00:00:00,Monday,10,112,0,0,0,0,0,0,9,1,8.2,0,0,0,0,8,6,0,0,0,0,0,0,122
2025-06-24 00:00:00,Tuesday,15,107,4,0,0,0,0,3,11,1,12.3,10500,700,0,1,8,10,10500,3500,0,0,0,0,122
2025-06-25 00:00:00,Wednesday,10,112,1,0,0,0,0,0,9,1,8.2,0,0,0,4,8,7,0,0,0,0,0,0,122
2025-06-26 00:00:00,Thursday,0,122,0,0,0,0,0,0,0,0,0,0,0,0,1,8,5,0,0,0,0,0,0,122
2025-06-27 00:00:00,Friday,0,122,0,0,0,0,0,0,0,0,0,0,0,0,0,8,5,0,0,0,0,0,0,122
2025-06-28 00:00:00,Saturday,4,118,4,0,0,0,0,4,0,0,3.28,0,0,0,0,8,10,0,0,0,0,0,0,122
2025-06-29 00:00:00,Sunday,13,109,2,0,0,0,0,1,11,1,10.66,10000,769.23,0,4,8,8,10000,10000,0,0,0,0,122
2025-06-30 00:00:00,Monday,1,121,0,0,0,0,0,1,0,0,0.82,10000,10000,0,1,8,7,10000,10000,0,0,0,0,122
2025-07-01 00:00:00,Tuesday,2,120,2,0,0,0,0,2,0,0,1.64,23000,11500,0,1,8,9,23000,11500,0,0,0,0,122
2025-07-02 00:00:00,Wednesday,12,110,1,0,0,0,0,2,9,1,9.84,23000,1916.67,0,0,8,10,23000,11500,0,0,0,0,122
2025-07-03 00:00:00,Thursday,25,97,2,0,0,0,0,0,23,2,20.49,0,0,0,3,8,7,0,0,0,0,0,0,122
2025-07-04 00:00:00,Friday,16,106,2,0,0,0,0,1,14,1,13.11,10000,625,0,2,8,8,10000,10000,0,0,0,0,122
2025-07-05 00:00:00,Saturday,10,112,0,0,0,0,0,0,9,1,8.2,0,0,0,1,8,6,0,0,0,0,0,0,122
2025-07-06 00:00:00,Sunday,10,112,1,0,0,0,0,0,9,1,8.2,0,0,0,1,8,6,0,0,0,0,0,0,122
2025-07-07 00:00:00,Monday,24,98,5,0,0,0,0,4,18,2,19.67,72000,3000,0,0,8,12,72000,18000,0,0,0,0,122
2025-07-08 00:00:00,Tuesday,4,118,0,0,0,0,0,4,0,0,3.28,72000,18000,0,2,8,10,72000,18000,0,0,0,0,122
2025-07-09 00:00:00,Wednesday,0,122,0,0,0,0,0,0,0,0,0,0,0,0,4,8,5,0,0,0,0,0,0,122
2025-07-10 00:00:00,Thursday,4,118,4,0,0,0,0,4,0,0,3.28,72000,18000,0,0,8,10,72000,18000,0,0,0,0,122
2025-07-11 00:00:00,Friday,4,118,0,0,0,0,0,4,0,0,3.28,72000,18000,0,0,8,10,72000,18000,0,0,0,0,122
2025-07-12 00:00:00,Saturday,0,122,0,0,0,0,0,0,0,0,0,0,0,0,4,8,5,0,0,0,0,0,0,122
2025-07-13 00:00:00,Sunday,12,110,1,0,0,0,0,0,11,1,9.84,0,0,0,0,8,6,0,0,0,0,0,0,122
2025-07-14 00:00:00,Monday,12,110,1,0,0,0,0,0,11,1,9.84,0,0,0,1,8,6,0,0,0,0,0,0,122
2025-07-15 00:00:00,Tuesday,2,120,2,0,0,0,0,2,0,0,1.64,22000,11000,0,1,8,9,22000,11000,0,0,0,0,122
2025-07-16 00:00:00,Wednesday,0,122,0,0,0,0,0,0,0,0,0,0,0,0,2,8,5,0,0,0,0,0,0,122
2025-07-17 00:00:00,Thursday,20,102,2,0,0,0,0,0,18,2,16.39,0,0,0,0,8,7,0,0,0,0,0,0,122
2025-07-18 00:00:00,Friday,11,111,2,0,0,0,0,1,9,1,9.02,15194.91,1381.36,0,2,8,8,15194.91,15194.91,0,0,0,0,122
2025-07-19 00:00:00,Saturday,11,111,0,0,0,0,0,1,9,1,9.02,15194.91,1381.36,0,0,8,8,15194.91,15194.91,0,0,0,0,122
2025-07-20 00:00:00,Sunday,19,103,2,0,0,0,0,0,17,2,15.57,0,0,0,2,8,7,0,0,0,0,0,0,122
2025-07-21 00:00:00,Monday,10,112,0,0,0,0,0,0,9,1,8.2,0,0,0,1,8,6,0,0,0,0,0,0,122
2025-07-22 00:00:00,Tuesday,0,122,0,0,0,0,0,0,0,0,0,0,0,0,1,8,5,0,0,0,0,0,0,122
2025-07-23 00:00:00,Wednesday,3,119,3,0,0,0,0,3,0,0,2.46,35000,11666.67,0,0,8,12,35000,11666.67,0,0,0,0,122
2025-07-24 00:00:00,Thursday,3,119,0,0,0,0,0,3,0,0,2.46,35000,11666.67,0,0,8,12,35000,11666.67,0,0,0,0,122
2025-07-25 00:00:00,Friday,0,122,0,0,0,0,0,0,0,0,0,0,0,0,3,8,5,0,0,0,0,0,0,122
2025-07-26 00:00:00,Saturday,12,110,1,0,0,0,0,0,11,1,9.84,0,0,0,0,8,6,0,0,0,0,0,0,122
2025-07-27 00:00:00,Sunday,0,122,0,0,0,0,0,0,0,0,0,0,0,0,1,8,5,0,0,0,0,0,0,122
2025-07-28 00:00:00,Monday,0,122,0,0,0,0,0,0,0,0,0,0,0,0,0,8,5,0,0,0,0,0,0,122
2025-07-29 00:00:00,Tuesday,12,110,1,0,0,0,0,0,11,1,9.84,0,0,0,0,8,6,0,0,0,0,0,0,122
2025-07-30 00:00:00,Wednesday,0,122,0,0,0,0,0,0,0,0,0,0,0,0,1,8,5,0,0,0,0,0,0,122
2025-07-31 00:00:00,Thursday,20,102,2,0,0,0,0,0,18,2,16.39,0,0,0,0,8,7,0,0,0,0,0,0,122
2025-08-01 00:00:00,Friday,0,122,0,0,0,0,0,0,0,0,0,0,0,0,2,8,5,0,0,0,0,0,0,122
2025-08-02 00:00:00,Saturday,1,121,1,0,0,0,0,1,0,0,0.82,11000,11000,0,0,8,7,11000,11000,0,0,0,0,122
2025-08-03 00:00:00,Sunday,12,110,2,0,0,0,0,2,9,1,9.84,23500,1958.33,0,0,8,10,23500,11750,0,0,0,0,122
2025-08-04 00:00:00,Monday,20,102,1,0,0,0,0,0,18,2,16.39,10925,546.25,0,2,8,8,0,0,10925,606.94,0,0,122
2025-08-05 00:00:00,Tuesday,10,112,0,0,0,0,0,0,9,1,8.2,10925,1092.5,0,1,8,7,0,0,10925,1213.89,0,0,122
2025-08-06 00:00:00,Wednesday,0,122,0,0,0,0,0,0,0,0,0,0,0,0,1,8,5,0,0,0,0,0,0,122
2025-08-07 00:00:00,Thursday,0,122,0,0,0,0,0,0,0,0,0,0,0,0,0,8,5,0,0,0,0,0,0,122
2025-08-08 00:00:00,Friday,10,112,1,0,0,0,0,0,9,1,8.2,0,0,0,0,8,7,0,0,0,0,0,0,122
2025-08-09 00:00:00,Saturday,11,111,1,0,0,0,0,1,9,1,9.02,12500,1136.36,0,0,8,9,12500,12500,0,0,0,0,122
2025-08-10 00:00:00,Sunday,0,122,0,0,0,0,0,0,0,0,0,0,0,0,2,8,5,0,0,0,0,0,0,122
2025-08-11 00:00:00,Monday,0,122,0,0,0,0,0,0,0,0,0,0,0,0,0,8,5,0,0,0,0,0,0,122
2025-08-12 00:00:00,Tuesday,12,110,1,0,0,0,0,0,11,1,9.84,0,0,0,0,8,6,0,0,0,0,0,0,122
2025-08-13 00:00:00,Wednesday,1,121,1,0,0,0,0,1,0,0,0.82,0,0,0,1,8,7,0,0,0,0,0,0,122
2025-08-14 00:00:00,Thursday,11,111,1,0,0,0,0,1,9,1,9.02,0,0,0,0,8,8,0,0,0,0,0,0,122
2025-08-15 00:00:00,Friday,1,121,1,0,0,0,0,1,0,0,0.82,0,0,0,2,8,7,0,0,0,0,0,0,122
2025-08-16 00:00:00,Saturday,12,110,1,0,0,0,0,0,11,1,9.84,0,0,0,1,8,6,0,0,0,0,0,0,122
2025-08-17 00:00:00,Sunday,10,112,1,0,0,0,0,0,9,1,8.2,0,0,0,1,8,6,0,0,0,0,0,0,122
2025-08-18 00:00:00,Monday,10,112,0,0,0,0,0,0,9,1,8.2,0,0,0,0,8,6,0,0,0,0,0,0,122
2025-08-19 00:00:00,Tuesday,0,122,0,0,0,0,0,0,0,0,0,0,0,0,1,8,5,0,0,0,0,0,0,122
2025-08-20 00:00:00,Wednesday,0,122,0,0,0,0,0,0,0,0,0,0,0,0,0,8,5,0,0,0,0,0,0,122
2025-08-21 00:00:00,Thursday,10,112,1,0,0,0,0,0,9,1,8.2,0,0,0,0,8,7,0,0,0,0,0,0,122
2025-08-22 00:00:00,Friday,10,112,1,0,0,0,0,0,9,1,8.2,0,0,0,1,8,7,0,0,0,0,0,0,122
2025-08-23 00:00:00,Saturday,10,112,0,0,0,0,0,0,9,1,8.2,0,0,0,0,8,7,0,0,0,0,0,0,122
2025-08-24 00:00:00,Sunday,12,110,1,0,0,0,0,0,11,1,9.84,0,0,0,1,8,6,0,0,0,0,0,0,122
2025-08-25 00:00:00,Monday,0,122,0,0,0,0,0,0,0,0,0,0,0,0,1,8,5,0,0,0,0,0,0,122
2025-08-26 00:00:00,Tuesday,0,122,0,0,0,0,0,0,0,0,0,0,0,0,0,8,5,0,0,0,0,0,0,122
2025-08-27 00:00:00,Wednesday,0,122,0,0,0,0,0,0,0,0,0,0,0,0,0,8,5,0,0,0,0,0,0,122
2025-08-28 00:00:00,Thursday,18,104,2,0,0,0,0,0,16,2,14.75,0,0,0,0,8,7,0,0,0,0,0,0,122
2025-08-29 00:00:00,Friday,8,114,0,0,0,0,0,0,7,1,6.56,0,0,0,1,8,6,0,0,0,0,0,0,122
2025-08-30 00:00:00,Saturday,12,110,1,0,0,0,0,0,11,1,9.84,0,0,0,1,8,6,0,0,0,0,0,0,122
2025-08-31 00:00:00,Sunday,0,122,0,0,0,0,0,0,0,0,0,0,0,0,1,8,5,0,0,0,0,0,0,122
2025-09-01 00:00:00,Monday,0,122,0,0,0,0,0,0,0,0,0,0,0,0,0,8,5,0,0,0,0,0,0,122
2025-09-02 00:00:00,Tuesday,0,122,0,0,0,0,0,0,0,0,0,0,0,0,0,8,5,0,0,0,0,0,0,122
2025-09-03 00:00:00,Wednesday,0,122,0,0,0,0,0,0,0,0,0,0,0,0,0,8,5,0,0,0,0,0,0,122
2025-09-04 00:00:00,Thursday,10,112,1,0,0,0,0,0,9,1,8.2,0,0,0,0,8,7,0,0,0,0,0,0,122
2025-09-05 00:00:00,Friday,23,99,3,0,0,0,0,1,20,2,18.85,20700,900,0,1,8,10,20700,20700,0,0,0,0,122
2025-09-06 00:00:00,Saturday,27,95,6,0,0,0,0,5,20,2,22.13,50600,1874.07,0,2,8,17,50600,10120,0,0,0,0,122
2025-09-07 00:00:00,Sunday,26,96,2,0,0,0,0,4,20,2,21.31,50600,1946.15,0,3,8,14,50600,12650,0,0,0,0,122
2025-09-08 00:00:00,Monday,26,96,0,0,0,0,0,4,20,2,21.31,50600,1946.15,0,0,8,14,50600,12650,0,0,0,0,122
2025-09-09 00:00:00,Tuesday,0,122,0,0,0,0,0,0,0,0,0,0,0,0,6,8,5,0,0,0,0,0,0,122
2025-09-10 00:00:00,Wednesday,0,122,0,0,0,0,0,0,0,0,0,0,0,0,0,8,5,0,0,0,0,0,0,122
2025-09-11 00:00:00,Thursday,0,122,0,0,0,0,0,0,0,0,0,0,0,0,0,8,5,0,0,0,0,0,0,122
2025-09-12 00:00:00,Friday,10,112,1,0,0,0,0,0,9,1,8.2,0,0,0,0,8,6,0,0,0,0,0,0,122
2025-09-13 00:00:00,Saturday,23,99,6,0,0,0,0,2,16,5,18.85,68300,2969.57,0,0,8,14,32300,16150,36000,2250,0,0,122
2025-09-14 00:00:00,Sunday,47,75,15,0,0,0,0,3,31,13,38.52,181050,3852.13,0,6,8,28,43225,14408.33,137825,4445.97,0,0,122
2025-09-15 00:00:00,Monday,47,75,2,0,0,0,0,3,31,13,38.52,169050,3596.81,0,2,8,29,31225,10408.33,137825,4445.97,0,0,122
2025-09-16 00:00:00,Tuesday,25,97,1,0,0,0,0,3,11,11,20.49,173650,6946,0,3,8,27,35825,11941.67,137825,12529.55,0,0,122
2025-09-17 00:00:00,Wednesday,2,120,2,0,0,0,0,2,0,0,1.64,20300,10150,0,14,8,8,20300,10150,0,0,0,0,122
2025-09-18 00:00:00,Thursday,30,92,5,0,0,0,0,2,25,3,24.59,38430,1281,0,2,8,12,38430,19215,0,0,0,0,122
2025-09-19 00:00:00,Friday,56,66,5,0,0,0,0,2,49,5,45.9,38430,686.25,0,3,8,14,38430,19215,0,0,0,0,122
2025-09-20 00:00:00,Saturday,60,62,3,0,0,0,1,1,53,5,49.18,35700,595,0,3,8,13,35700,17850,0,0,0,0,122
2025-09-21 00:00:00,Sunday,9,113,1,0,0,0,0,0,8,1,7.38,121500,13500,0,7,8,7,0,0,121500,15187.5,0,0,122
2025-09-22 00:00:00,Monday,20,102,2,0,0,0,0,1,17,2,16.39,141500,7075,0,0,8,10,20000,20000,121500,7147.06,0,0,122
2025-09-23 00:00:00,Tuesday,10,112,0,0,0,0,0,0,9,1,8.2,0,0,0,2,8,6,0,0,0,0,0,0,122
2025-09-24 00:00:00,Wednesday,9,113,2,0,0,0,0,1,7,1,7.38,15500,1722.22,0,1,8,8,0,0,15500,2214.29,0,0,122
2025-09-25 00:00:00,Thursday,32,90,7,0,0,0,4,1,23,4,26.23,89100,2784.38,0,0,8,19,61600,12320,27500,1195.65,0,0,122
2025-09-26 00:00:00,Friday,21,101,1,0,0,0,4,0,15,2,17.21,183100,8719.05,0,4,8,16,61600,15400,121500,8100,0,0,122
2025-09-27 00:00:00,Saturday,37,85,2,0,0,0,0,0,34,3,30.33,140500,3797.3,0,5,8,10,0,0,140500,4132.35,0,0,122
2025-09-28 00:00:00,Sunday,11,111,1,0,0,0,0,1,9,1,9.02,19000,1727.27,0,2,8,9,0,0,19000,2111.11,0,0,122
2025-09-29 00:00:00,Monday,1,121,0,0,0,0,0,1,0,0,0.82,0,0,0,1,8,7,0,0,0,0,0,0,122
2025-09-30 00:00:00,Tuesday,3,119,2,0,0,0,0,3,0,0,2.46,16500,5500,0,0,8,11,16500,5500,0,0,0,0,122
2025-10-01 00:00:00,Wednesday,24,98,3,0,0,0,0,3,20,1,19.67,90000,3750,0,2,8,12,51000,17000,39000,1950,0,0,122
2025-10-02 00:00:00,Thursday,42,80,6,0,0,0,0,5,34,3,34.43,259675,6182.74,0,2,8,19,83675,16735,176000,5176.47,0,0,122
2025-10-03 00:00:00,Friday,65,57,4,0,0,0,0,3,56,6,53.28,244725,3765,0,3,8,19,49175,16391.67,195550,3491.96,0,0,122
2025-10-04 00:00:00,Saturday,70,52,4,0,0,0,0,5,59,6,57.38,251050,3586.43,0,2,8,21,16500,3300,234550,3975.42,0,0,122
2025-10-05 00:00:00,Sunday,26,96,2,0,0,0,0,4,20,2,21.31,156000,6000,0,7,8,14,0,0,156000,7800,0,0,122
2025-10-06 00:00:00,Monday,37,85,4,0,0,0,0,3,31,3,30.33,211500,5716.22,0,4,8,15,0,0,211500,6822.58,0,0,122
2025-10-07 00:00:00,Tuesday,43,79,3,0,0,0,0,4,35,4,35.25,333900,7765.12,0,1,8,19,18400,4600,315500,9014.29,0,0,122
2025-10-08 00:00:00,Wednesday,42,80,3,0,0,0,0,1,37,4,34.43,321500,7654.76,0,6,8,13,0,0,321500,8689.19,0,0,122
2025-10-09 00:00:00,Thursday,74,48,5,0,0,0,0,2,67,5,60.66,691000,9337.84,0,3,8,16,16000,8000,675000,10074.63,0,0,122
2025-10-10 00:00:00,Friday,61,61,8,0,0,0,0,7,49,5,50,442000,7245.9,0,3,8,24,16000,2285.71,426000,8693.88,0,0,122
2025-10-11 00:00:00,Saturday,89,33,15,0,0,0,0,14,68,7,72.95,634576.29,7130.07,0,6,8,42,113576.29,8112.59,521000,7661.76,0,0,122
2025-10-12 00:00:00,Sunday,83,39,7,0,0,0,0,13,63,7,68.03,474720.35,5719.52,0,8,8,41,159220.35,12247.72,315500,5007.94,0,0,122
2025-10-13 00:00:00,Monday,56,66,4,0,0,0,0,8,42,6,45.9,297644.06,5315.07,0,10,8,29,109644.06,13705.51,188000,4476.19,0,0,122
2025-10-14 00:00:00,Tuesday,31,91,3,0,0,0,0,4,25,2,25.41,499000,16096.77,0,11,8,15,48000,12000,451000,18040,0,0,122
2025-10-15 00:00:00,Wednesday,51,71,5,0,0,0,0,5,41,5,41.8,554000,10862.75,0,1,8,20,64000,12800,490000,11951.22,0,0,122
2025-10-16 00:00:00,Thursday,111,11,8,0,0,0,0,5,96,10,90.98,682100,6145.05,0,3,8,27,68550,13710,613550,6391.15,0,0,122
2025-10-17 00:00:00,Friday,120,2,6,0,0,0,0,2,107,11,98.36,346200,2885,0,8,8,23,33650,16825,312550,2921.03,0,0,122
2025-10-18 00:00:00,Saturday,80,42,6,0,0,0,0,5,68,7,65.57,366575,4582.19,0,7,8,26,54600,10920,311975,4587.87,0,0,122
2025-10-19 00:00:00,Sunday,45,77,11,0,0,0,0,13,29,3,36.89,336496.69,7477.7,0,7,8,35,187521.69,14424.75,148975,5137.07,0,0,122
2025-10-20 00:00:00,Monday,36,86,5,0,0,0,0,14,20,2,29.51,200721.69,5575.6,0,5,8,35,200721.69,14337.26,0,0,0,0,122
2025-10-21 00:00:00,Tuesday,18,104,1,0,0,0,0,2,14,2,14.75,51320,2851.11,0,13,8,11,51320,25660,0,0,0,0,122
2025-10-22 00:00:00,Wednesday,22,100,7,0,0,0,0,5,15,2,18.03,294300,13377.27,0,4,8,17,86300,17260,208000,13866.67,0,0,122
2025-10-23 00:00:00,Thursday,45,77,11,0,0,0,0,10,32,3,36.89,297000,6600,0,5,8,30,89000,8900,208000,6500,0,0,122
2025-10-24 00:00:00,Friday,37,85,11,0,0,0,0,11,23,3,30.33,357645,9666.08,0,10,8,29,165645,15058.64,192000,8347.83,0,0,122
2025-10-25 00:00:00,Saturday,64,58,3,0,0,0,0,7,52,5,52.46,320645,5010.08,0,5,8,25,128645,18377.86,192000,3692.31,0,0,122
2025-10-26 00:00:00,Sunday,62,60,14,0,0,0,0,11,45,6,50.82,268559.32,4331.6,0,9,8,30,42000,3818.18,226559.32,5034.65,0,0,122
2025-10-27 00:00:00,Monday,115,7,6,0,0,0,0,6,103,6,94.26,84500,734.78,0,11,8,28,47000,7833.33,37500,364.08,0,0,122
2025-10-28 00:00:00,Tuesday,121,1,7,0,0,0,0,7,108,6,99.18,148450,1226.86,0,6,8,28,95450,13635.71,53000,490.74,0,0,122
2025-10-29 00:00:00,Wednesday,89,33,4,0,0,0,0,3,82,4,72.95,79000,887.64,0,10,8,18,47000,15666.67,32000,390.24,0,0,122
2025-10-30 00:00:00,Thursday,83,39,8,0,0,0,0,5,72,6,68.03,202500,2439.76,0,4,8,23,48000,9600,154500,2145.83,0,0,122
2025-10-31 00:00:00,Friday,72,50,4,0,0,0,0,5,62,5,59.02,318500,4423.61,0,5,8,23,47000,9400,271500,4379.03,0,0,122
2025-11-01 00:00:00,Saturday,56,66,6,0,0,0,0,3,48,5,45.9,284000,5071.43,0,8,8,16,48000,16000,236000,4916.67,0,0,122
2025-11-02 00:00:00,Sunday,54,68,6,0,0,0,0,5,44,5,44.26,238100,4409.26,0,4,8,21,82100,16420,156000,3545.45,0,0,122
2025-11-03 00:00:00,Monday,32,90,5,0,0,0,0,9,20,3,26.23,117500,3671.88,0,3,8,26,117500,13055.56,0,0,0,0,122
2025-11-04 00:00:00,Tuesday,30,92,2,0,0,0,0,5,23,2,24.59,90400,3013.33,0,7,8,17,51400,10280,39000,1695.65,0,0,122
2025-11-05 00:00:00,Wednesday,16,106,4,0,0,0,0,4,11,1,13.11,221250,13828.13,0,6,8,14,65250,16312.5,156000,14181.82,0,0,122
2025-11-06 00:00:00,Thursday,19,103,6,0,0,0,0,7,11,1,15.57,236000,12421.05,0,3,8,20,80000,11428.57,156000,14181.82,0,0,122
2025-11-07 00:00:00,Friday,70,52,13,0,0,0,0,14,51,5,57.38,354425,5063.21,0,2,8,37,149925,10708.93,204500,4009.8,0,0,122
2025-11-08 00:00:00,Saturday,62,60,2,0,0,0,0,7,50,5,50.82,113175,1825.4,0,9,8,27,64675,9239.29,48500,970,0,0,122
2025-11-09 00:00:00,Sunday,11,111,4,0,0,0,0,6,5,0,9.02,48000,4363.64,0,10,8,17,48000,8000,0,0,0,0,122
2025-11-10 00:00:00,Monday,31,91,5,0,0,0,0,7,22,2,25.41,122101.7,3938.76,0,2,8,22,83101.7,11871.67,39000,1772.73,0,0,122
2025-11-11 00:00:00,Tuesday,56,66,4,0,0,0,0,2,49,5,45.9,192250,3433.04,0,6,8,15,36250,18125,156000,3183.67,0,0,122
2025-11-12 00:00:00,Wednesday,26,96,3,0,0,0,0,3,21,2,21.31,205250,7894.23,0,5,8,13,49250,16416.67,156000,7428.57,0,0,122
2025-11-13 00:00:00,Thursday,72,50,9,0,0,0,0,8,58,6,59.02,260250,3614.58,0,0,8,25,104250,13031.25,156000,2689.66,0,0,122
2025-11-14 00:00:00,Friday,49,73,7,0,0,0,0,9,36,4,40.16,123500,2520.41,0,8,8,27,123500,13722.22,0,0,0,0,122
2025-11-15 00:00:00,Saturday,21,101,2,0,0,0,0,7,13,1,17.21,130500,6214.29,0,7,8,20,91500,13071.43,39000,3000,0,0,122
2025-11-16 00:00:00,Sunday,59,63,4,0,0,0,0,3,52,4,48.36,172000,2915.25,0,5,8,16,16000,5333.33,156000,3000,0,0,122
2025-11-17 00:00:00,Monday,57,65,6,0,0,0,0,6,47,4,46.72,222000,3894.74,0,3,8,23,48000,8000,174000,3702.13,0,0,122
2025-11-18 00:00:00,Tuesday,53,69,4,0,0,0,0,3,46,4,43.44,236500,4462.26,0,7,8,17,47000,15666.67,189500,4119.57,0,0,122
2025-11-19 00:00:00,Wednesday,28,94,8,0,0,0,0,8,18,2,22.95,151000,5392.86,0,5,8,23,112000,14000,39000,2166.67,0,0,122
2025-11-20 00:00:00,Thursday,81,41,6,0,0,0,0,4,70,7,66.39,230500,2845.68,0,5,8,20,59000,14750,171500,2450,0,0,122
2025-11-21 00:00:00,Friday,95,27,5,0,0,0,0,3,85,7,77.87,236500,2489.47,0,6,8,19,29000,9666.67,207500,2441.18,0,0,122
2025-11-22 00:00:00,Saturday,72,50,3,0,0,0,0,0,65,7,59.02,228050,3167.36,0,6,8,14,0,0,228050,3508.46,0,0,122
2025-11-23 00:00:00,Sunday,24,98,3,0,0,0,0,2,20,2,19.67,202050,8418.75,0,6,8,11,29000,14500,173050,8652.5,0,0,122
2025-11-24 00:00:00,Monday,37,85,4,0,0,0,0,5,29,3,30.33,258550,6987.84,0,0,8,18,85500,17100,173050,5967.24,0,0,122
2025-11-25 00:00:00,Tuesday,34,88,1,0,0,0,0,3,28,3,27.87,264500,7779.41,0,3,8,14,69500,23166.67,195000,6964.29,0,0,122
2025-11-26 00:00:00,Wednesday,18,104,5,0,0,0,0,4,13,1,14.75,200500,11138.89,0,6,8,14,31500,7875,169000,13000,0,0,122
2025-11-27 00:00:00,Thursday,72,50,6,0,0,0,0,6,61,5,59.02,335900,4665.28,0,0,8,22,49900,8316.67,286000,4688.52,0,0,122
2025-11-28 00:00:00,Friday,73,49,2,0,0,0,0,4,64,5,59.84,378900,5190.41,0,4,8,19,53900,13475,325000,5078.13,0,0,122
2025-11-29 00:00:00,Saturday,35,87,1,0,0,0,0,2,30,3,28.69,336400,9611.43,0,5,8,13,37400,18700,299000,9966.67,0,0,122
2025-11-30 00:00:00,Sunday,21,101,1,0,0,0,0,0,19,2,17.21,143000,6809.52,0,4,8,7,0,0,143000,7526.32,0,0,122
2025-12-01 00:00:00,Monday,28,94,4,0,0,0,0,4,22,2,22.95,232000,8285.71,0,0,8,15,50000,12500,182000,8272.73,0,0,122
2025-12-02 00:00:00,Tuesday,13,109,1,0,0,0,0,1,11,1,10.66,156000,12000,0,5,8,8,0,0,156000,14181.82,0,0,122
2025-12-03 00:00:00,Wednesday,13,109,0,0,0,0,0,1,11,1,10.66,156000,12000,0,0,8,8,0,0,156000,14181.82,0,0,122
2025-12-04 00:00:00,Thursday,23,99,2,0,0,0,0,1,20,2,18.85,171000,7434.78,0,1,8,10,15000,15000,156000,7800,0,0,122
2025-12-05 00:00:00,Friday,61,61,5,0,0,0,0,2,55,4,50,67050,1099.18,0,2,8,15,15000,7500,52050,946.36,0,0,122
2025-12-06 00:00:00,Saturday,35,87,0,0,0,0,0,1,31,3,28.69,52050,1487.14,0,2,8,11,0,0,52050,1679.03,0,0,122
2025-12-07 00:00:00,Sunday,29,93,3,0,0,0,0,1,26,2,23.77,0,0,0,4,8,9,0,0,0,0,0,0,122
2025-12-08 00:00:00,Monday,28,94,0,0,0,0,0,0,26,2,22.95,0,0,0,1,8,7,0,0,0,0,0,0,122
2025-12-09 00:00:00,Tuesday,19,103,1,0,0,0,0,1,17,1,15.57,14500,763.16,0,1,8,4,14500,14500,0,0,0,0,122
2025-12-10 00:00:00,Wednesday,1,121,0,0,0,0,0,1,0,0,0.82,14500,14500,0,1,8,3,14500,14500,0,0,0,0,122
2025-12-11 00:00:00,Thursday,22,100,2,0,0,0,0,1,19,2,18.03,14500,659.09,0,0,8,6,14500,14500,0,0,0,0,122
2025-12-12 00:00:00,Friday,1,121,0,0,0,0,0,1,0,0,0.82,14500,14500,0,2,8,3,14500,14500,0,0,0,0,122
2025-12-13 00:00:00,Saturday,4,118,1,0,0,0,0,1,3,0,3.28,39000,9750,0,1,8,4,0,0,39000,13000,0,0,122
2025-12-14 00:00:00,Sunday,14,108,2,0,0,0,0,2,11,1,11.48,156000,11142.86,0,0,8,7,0,0,156000,14181.82,0,0,122
2025-12-15 00:00:00,Monday,18,104,2,0,0,0,0,3,14,1,14.75,195000,10833.33,0,1,8,9,0,0,195000,13928.57,0,0,122
2025-12-16 00:00:00,Tuesday,46,76,2,0,0,0,0,2,41,3,37.7,301500,6554.35,0,1,8,7,0,0,301500,7353.66,0,0,122
2025-12-17 00:00:00,Wednesday,14,108,0,0,0,0,0,2,11,1,11.48,130000,9285.71,0,2,8,5,0,0,130000,11818.18,0,0,122
2025-12-18 00:00:00,Thursday,62,60,4,0,0,0,0,2,55,5,50.82,165050,2662.1,0,0,8,10,0,0,165050,3000.91,0,0,122
2025-12-19 00:00:00,Friday,31,91,1,0,0,0,0,3,26,2,25.41,35050,1130.65,0,3,8,8,0,0,35050,1348.08,0,0,122
2025-12-20 00:00:00,Saturday,12,110,1,0,0,0,0,0,11,1,9.84,0,0,0,5,8,1,0,0,0,0,0,0,122
2025-12-21 00:00:00,Sunday,13,109,2,0,0,0,0,1,11,1,10.66,15500,1192.31,0,1,8,3,15500,15500,0,0,0,0,122
2025-12-22 00:00:00,Monday,13,109,0,0,0,0,0,1,11,1,10.66,15500,1192.31,0,0,8,3,15500,15500,0,0,0,0,122
2025-12-23 00:00:00,Tuesday,0,122,0,0,0,0,0,0,0,0,0,0,0,0,2,8,0,0,0,0,0,0,0,122
2025-12-24 00:00:00,Wednesday,4,118,4,0,0,0,0,4,0,0,3.28,54000,13500,0,0,8,8,54000,13500,0,0,0,0,122
2025-12-25 00:00:00,Thursday,4,118,0,0,0,0,0,4,0,0,3.28,54000,13500,0,0,8,8,54000,13500,0,0,0,0,122
2025-12-26 00:00:00,Friday,4,118,0,0,0,0,0,4,0,0,3.28,54000,13500,0,0,8,8,54000,13500,0,0,0,0,122
2025-12-27 00:00:00,Saturday,8,114,1,0,0,0,0,0,7,1,6.56,0,0,0,4,8,1,0,0,0,0,0,0,122
2025-12-28 00:00:00,Sunday,0,122,0,0,0,0,0,0,0,0,0,0,0,0,1,8,0,0,0,0,0,0,0,122
2025-12-29 00:00:00,Monday,0,122,0,0,0,0,0,0,0,0,0,0,0,0,0,8,0,0,0,0,0,0,0,122
2025-12-30 00:00:00,Tuesday,19,103,1,0,0,0,0,0,18,1,15.57,0,0,0,0,8,1,0,0,0,0,0,0,122
2025-12-31 00:00:00,Wednesday,19,103,0,0,0,0,0,0,18,1,15.57,0,0,0,0,8,1,0,0,0,0,0,0,122
2026-01-01 00:00:00,Thursday,19,103,0,0,0,0,0,0,18,1,15.57,0,0,0,0,8,1,0,0,0,0,0,0,122
,Total (Forecast),15535,28928,3513,6,0,0,979,5733,6806,2023,34.93,135844658.47,8744.43,0,3579,3111,15843,87625732.41,13055.09,48218926.06,7084.77,0,0,44469
,,,,,,,,,,,,,,,,,,,,,,,,,
,Grand Total,15604,28964,3554,8,7,0,1051,5733,6812,2023,35,136875891.53,8771.85,0,3606,3127,15982,88596965.47,13059.69,48278926.06,7087.34,0,0,44583
